epoch,acc,loss,val_acc,val_loss
0,0.9964761279106228,0.01242580574725365,0.9969053946165359,0.01807701326107934
