epoch,acc,loss,val_acc,val_loss
0,0.997972230959079,0.007194287880420841,0.9957787158409243,0.06102486477506002
