epoch,acc,loss,val_acc,val_loss
0,0.9968971449156885,0.011275089521352831,0.9958053691275168,0.019122810639759787
