epoch,acc,loss,val_acc,val_loss
0,0.9978320219744834,0.007382451096278123,0.996667407242835,0.0210894287286569
